Título: ,SKU: ,Precio Original: ,Precio Descuento: ,Precio Envio: ,Stock: 
"Mouse Gamer Ocelot Gaming Óptico OGMM02, Alámbrico, USB A, 3200DPI, Negro",OGMM02,$209.00,$85.00,$99.00,3
"Mouse Gamer Ocelot Gaming Óptico OGMM01, Alámbrico, USB A, 6400DPI, Negro",OGMM01,$249.00,$89.00,$99.00,85
"Mouse Gamer Ocelot Gaming Óptico OGEM02, Alámbrico, USB A, 2400DPI, Negro",OGEM02,$249.00,$87.00,$99.00,343
"Mouse Gamer Ocelot Gaming Óptico OGMM03, Alámbrico, USB A, 3200DPI, Negro/Rosa",OGMM03,$219.00,$94.00,$99.00,178
"Mouse Gamer Ocelot Gaming Óptico OGEM01, Alámbrico, USB A, 2400DPI, Negro",OGEM01,$249.00,$103.00,$99.00,92
"Memoria RAM Adata AD5U48008G-S DDR5, 4800MHz, 8GB, ECC, CL40",AD5U48008G-S,"$1,016.00",$444.00,$99.00,4
"X-Case Caja ACCREDKE10, 1x RJ-45, 10 Piezas",ACCREDKE10,$365.00,$50.00,$99.00,5
"Logitech Audífonos Gamer G635 7.1, Alámbrico, 1.5 Metros, 3.5mm, Negro/Azul",981-000748,"$2,713.00","$1,539.00",$99.00,¡1
"Ocelot Gaming Audífonos Gamer OGMH01 Alámbrico, 2.2 Metros, 3.5mm/USB, Negro",OGMH01,$444.00,$195.00,$99.00,2492
"Mouse Gamer Logitech Óptico G305, Inalámbrico, USB, 12.000DPI, Lila",910-006021,"$1,253.00",$769.00,$99.00,8
"Mouse Gamer Ocelot Gaming Óptico White Pearl, Alámbrico, USB, 7200DPI, Blanco",OCM WHITE PEARL,$299.00,$157.00,$99.00,1534
"Ocelot Gaming Audífonos Gamer OGMH02, Alámbrico, 2.2 Metros, 3.5mm/USB, Negro",OGMH02,$387.00,$214.00,$99.00,646
"Cinta Zebra Ribbon Resin 5095, 4.33'' x 110mm, 6 Piezas",05095BK11045,"$6,999.00","$1,179.00",$99.00,52
"Router ASUS Gigabit Ethernet de Banda Dual RT-AC66U B1 AC1750 para Gaming con AiMesh, Inalámbrico, 1300 Mbit/s, 4x RJ-45, 2.4/5GHz, 3 Antenas",90IG0300-BA1000,"$1,913.00","$1,099.00",$99.00,70
"Panduit Módulo Ciego Gris, Paquete de 10 Piezas",CMBIG-X,$163.00,$21.00,$99.00,3
"Memoria RAM HPE DDR4, 2933MHz, 32GB, CL21, Registered (Buffered)",P00924-B21,"$18,934.00","$8,469.00",$99.00,6
"Mouse Gamer Ocelot Gaming Óptico OGMM02, Alámbrico, USB A, 3200DPI, Negro",OGMM02,$209.00,$85.00,$99.00,3
"Mouse Gamer Ocelot Gaming Óptico OGMM01, Alámbrico, USB A, 6400DPI, Negro",OGMM01,$249.00,$89.00,$99.00,85
"Mouse Gamer Ocelot Gaming Óptico OGEM02, Alámbrico, USB A, 2400DPI, Negro",OGEM02,$249.00,$87.00,$99.00,343
"Mouse Gamer Ocelot Gaming Óptico OGMM03, Alámbrico, USB A, 3200DPI, Negro/Rosa",OGMM03,$219.00,$94.00,$99.00,178
"Mouse Gamer Ocelot Gaming Óptico OGEM01, Alámbrico, USB A, 2400DPI, Negro",OGEM01,$249.00,$103.00,$99.00,92
"Memoria RAM Adata AD5U48008G-S DDR5, 4800MHz, 8GB, ECC, CL40",AD5U48008G-S,"$1,016.00",$444.00,$99.00,4
"X-Case Caja ACCREDKE10, 1x RJ-45, 10 Piezas",ACCREDKE10,$365.00,$50.00,$99.00,5
"Logitech Audífonos Gamer G635 7.1, Alámbrico, 1.5 Metros, 3.5mm, Negro/Azul",981-000748,"$2,713.00","$1,539.00",$99.00,¡1
"Ocelot Gaming Audífonos Gamer OGMH01 Alámbrico, 2.2 Metros, 3.5mm/USB, Negro",OGMH01,$444.00,$195.00,$99.00,2492
"Mouse Gamer Logitech Óptico G305, Inalámbrico, USB, 12.000DPI, Lila",910-006021,"$1,253.00",$769.00,$99.00,8
"Mouse Gamer Ocelot Gaming Óptico White Pearl, Alámbrico, USB, 7200DPI, Blanco",OCM WHITE PEARL,$299.00,$157.00,$99.00,1534
"Ocelot Gaming Audífonos Gamer OGMH02, Alámbrico, 2.2 Metros, 3.5mm/USB, Negro",OGMH02,$387.00,$214.00,$99.00,646
"Cinta Zebra Ribbon Resin 5095, 4.33'' x 110mm, 6 Piezas",05095BK11045,"$6,999.00","$1,179.00",$99.00,52
"Router ASUS Gigabit Ethernet de Banda Dual RT-AC66U B1 AC1750 para Gaming con AiMesh, Inalámbrico, 1300 Mbit/s, 4x RJ-45, 2.4/5GHz, 3 Antenas",90IG0300-BA1000,"$1,913.00","$1,099.00",$99.00,70
"Panduit Módulo Ciego Gris, Paquete de 10 Piezas",CMBIG-X,$163.00,$21.00,$99.00,3
"Memoria RAM HPE DDR4, 2933MHz, 32GB, CL21, Registered (Buffered)",P00924-B21,"$18,934.00","$8,469.00",$99.00,6
"Kensington Descansa Pies K52789WW, Antideslizante, Negro",52789WW,"$1,089.00",$434.00,$99.00,¡1
"Memoria RAM HPE DDR4, 2933MHz, 16GB, CL21, Dual Rank x8",P00922-B21,"$20,959.00","$4,009.00",$99.00,35
"SSD Western Digital WD Blue SA510, 250GB, SATA III, 2.5'', 7mm",WDS250G3B0A,$754.00,$418.00,$99.00,26
"Teclado Gamer Ocelot Gaming OGMK02 RGB, Teclado Mecánico, Switch Azul, Alámbrico, Negro (Español)",OGMK02,$463.00,$305.00,$99.00,3264
"Memoria RAM XPG Spectrix D60G RGB DDR4, 3600MHz, 8GB, Non-ECC, CL19, XMP",AX4U36008G18I-ST60,$665.00,$438.00,$99.00,44
"SSD Western Digital WD Black SN850, 500GB, PCI Express 4.0, M.2, NVMe",WDS500G1X0E,"$1,764.00",$949.00,$99.00,10
"Jabra Cable GN1216 Avaya, QD Macho - RJ-9 Macho, 80cm, Negro",88001-04,$729.00,$118.00,$99.00,216
"Mouse Gamer Cougar Óptico MINOS XT, Alámbrico, USB, 4000DPI, Negro",3MMXTWOB.0001,$561.00,$292.00,$99.00,2
"Mouse Gamer Ocelot Gaming Óptico Techno Black, Alámbrico, USB, 7200DPI, Negro",OCM TECHNO BLACK,$279.00,$156.00,$99.00,1287
"Teclado Gamer Ocelot Gaming OGEK03 RGB, Alámbrico, Negro (Español)",OGEK03,$319.00,$193.00,$99.00,5652
"SSD Gigabyte GP-GSTFS31240GNTD, 240GB, SATA III, 2.5'', 7mm",GP-GSTFS31240GNTD,$513.00,$334.00,$99.00,103
"Mouse Gamer Logitech Óptico Pro X Superlight, Inalámbrico, Lightspeed, USB A, 25.400DPI, Blanco",910-005941,"$2,721.00","$1,929.00",$99.00,2
"Mouse Gamer Logitech Óptico G305, Inalámbrico, USB, 12.000DPI, Menta",910-006377,"$1,253.00",$719.00,$99.00,10
"Teclado Gamer Ocelot Gaming OK-M60 RGB 60%, Alámbrico, Negro (Español)",OK-M60,$349.00,$218.00,$99.00,1366
"SSD Western Digital WD Blue SN570 NVMe, 500GB, PCI Express 3.0, M.2 ― Incluye Membresía 1 Mes de Adobe Creative Cloud",WDS500G3B0C,$682.00,$509.00,$99.00,65
"Teclado Logitech K480 Multiplataforma, Inalámbrico, Bluetooth, Negro (Español)",920-006346,$910.00,$569.00,$99.00,7
"Mouse Gamer Ocelot Gaming Óptico OGMM02, Alámbrico, USB A, 3200DPI, Negro",OGMM02,$209.00,$85.00,$99.00,3
"Mouse Gamer Ocelot Gaming Óptico OGMM01, Alámbrico, USB A, 6400DPI, Negro",OGMM01,$249.00,$89.00,$99.00,85
"Mouse Gamer Ocelot Gaming Óptico OGEM02, Alámbrico, USB A, 2400DPI, Negro",OGEM02,$249.00,$87.00,$99.00,343
"Mouse Gamer Ocelot Gaming Óptico OGMM03, Alámbrico, USB A, 3200DPI, Negro/Rosa",OGMM03,$219.00,$94.00,$99.00,178
"Mouse Gamer Ocelot Gaming Óptico OGEM01, Alámbrico, USB A, 2400DPI, Negro",OGEM01,$249.00,$103.00,$99.00,92
"Memoria RAM Adata AD5U48008G-S DDR5, 4800MHz, 8GB, ECC, CL40",AD5U48008G-S,"$1,016.00",$444.00,$99.00,4
"X-Case Caja ACCREDKE10, 1x RJ-45, 10 Piezas",ACCREDKE10,$365.00,$50.00,$99.00,5
"Logitech Audífonos Gamer G635 7.1, Alámbrico, 1.5 Metros, 3.5mm, Negro/Azul",981-000748,"$2,713.00","$1,539.00",$99.00,¡1
"Ocelot Gaming Audífonos Gamer OGMH01 Alámbrico, 2.2 Metros, 3.5mm/USB, Negro",OGMH01,$444.00,$195.00,$99.00,2492
"Mouse Gamer Logitech Óptico G305, Inalámbrico, USB, 12.000DPI, Lila",910-006021,"$1,253.00",$769.00,$99.00,8
"Mouse Gamer Ocelot Gaming Óptico White Pearl, Alámbrico, USB, 7200DPI, Blanco",OCM WHITE PEARL,$299.00,$157.00,$99.00,1534
"Ocelot Gaming Audífonos Gamer OGMH02, Alámbrico, 2.2 Metros, 3.5mm/USB, Negro",OGMH02,$387.00,$214.00,$99.00,646
"Cinta Zebra Ribbon Resin 5095, 4.33'' x 110mm, 6 Piezas",05095BK11045,"$6,999.00","$1,179.00",$99.00,52
"Router ASUS Gigabit Ethernet de Banda Dual RT-AC66U B1 AC1750 para Gaming con AiMesh, Inalámbrico, 1300 Mbit/s, 4x RJ-45, 2.4/5GHz, 3 Antenas",90IG0300-BA1000,"$1,913.00","$1,099.00",$99.00,70
"Panduit Módulo Ciego Gris, Paquete de 10 Piezas",CMBIG-X,$163.00,$21.00,$99.00,3
"Memoria RAM HPE DDR4, 2933MHz, 32GB, CL21, Registered (Buffered)",P00924-B21,"$18,934.00","$8,469.00",$99.00,6
